Year,Country,Code,"Air pollution (total) (deaths per 100,000)","Indoor air pollution (deaths per 100,000)","Outdoor particulate matter (deaths per 100,000)","Outdoor ozone pollution (deaths per 100,000)"
2015,Afghanistan,AFG,191.801119,141.3542376,47.33453691,5.74608172
2016,Afghanistan,AFG,186.6689494,138.66354330000001,44.82619553,5.779466385
2015,Albania,ALB,42.29977276,19.16311568,21.78608861,1.806164979
2016,Albania,ALB,41.01878796,18.84658452,20.81066377,1.805548208
2015,Algeria,DZA,44.36252396,0.2676574,42.54781423,2.076489101
2016,Algeria,DZA,44.5390937,0.21812956600000002,42.80303697,2.058861025
2015,American Samoa,ASM,60.79599084,21.56846566,39.2264299,0.0013912360000000001
2016,American Samoa,ASM,59.26105942,20.97668624,38.28327931,0.0013838879999999998
2015,Andean Latin America,,34.60146143,11.97197448,22.00957326,0.817894813
2016,Andean Latin America,,33.50749881,11.24037342,21.65237142,0.804920458
2015,Andorra,AND,16.65214583,0.171687958,14.19962499,2.701087347
2016,Andorra,AND,15.6068274,0.17112361899999998,13.11733685,2.7101574310000003
2015,Angola,AGO,100.2394801,67.09831767,29.79255389,5.2168575630000005
2016,Angola,AGO,97.12452931,64.41206603,29.40473321,5.111732246
2015,Antigua and Barbuda,ATG,33.58601962,1.569812735,32.01027161,0.0074422659999999995
2016,Antigua and Barbuda,ATG,32.52075795,1.5260401559999999,30.98683682,0.009857965
2015,Argentina,ARG,33.08692385,2.576968029,29.15909422,1.635771629
2016,Argentina,ARG,31.83807343,2.411680608,28.00762058,1.701892004
2015,Armenia,ARM,67.15583172,12.68590792,51.6149863,3.930754718
2016,Armenia,ARM,64.86230501,12.45752053,49.57826401,3.850707677
2015,Australasia,,10.98730679,0.097830747,10.44889819,0.501267198
2016,Australasia,,10.29120486,0.092569789,9.715582083,0.543921167
2015,Australia,AUS,11.27679379,0.08863760300000001,10.70207175,0.554406842
2016,Australia,AUS,10.58643985,0.084401709,9.974549114,0.595577923
2015,Austria,AUT,18.85776732,0.28767060899999997,16.74104006,2.2063741880000003
2016,Austria,AUT,17.81297664,0.27999019399999997,15.72264884,2.166399592
2015,Azerbaijan,AZE,83.30039503,21.59639964,59.24061631,3.199150341
2016,Azerbaijan,AZE,80.71655579,20.99750771,57.23452928,3.19909172
2015,Bahamas,BHS,33.59640014,2.088066179,30.82305089,0.8569370959999999
2016,Bahamas,BHS,32.50757344,2.093738318,29.72467607,0.85527151
2015,Bahrain,BHR,65.48333615,0.33750895700000005,62.92676078,3.3304676439999996
2016,Bahrain,BHR,63.669394200000006,0.314426245,61.14446484,3.297326387
2015,Bangladesh,BGD,113.2967435,65.06294835,43.27029064,8.559829606000001
2016,Bangladesh,BGD,109.40404309999998,63.76166043,40.63233232,8.49812807
2015,Barbados,BRB,35.92143363,0.044727921,35.78020002,0.12438788199999999
2016,Barbados,BRB,35.18312349,0.043512297000000005,35.03706679,0.131438167
2015,Belarus,BLR,52.68628082,0.771706223,51.15296711,0.959568309
2016,Belarus,BLR,50.78554255,0.739755462,49.26701121,0.973638607
2015,Belgium,BEL,20.47646879,0.11444708099999999,18.35943959,2.4162103459999997
2016,Belgium,BEL,19.27290855,0.10905864900000001,17.19982434,2.355315931
2015,Belize,BLZ,45.92906629,12.91867719,31.90160704,1.4630033390000001
2016,Belize,BLZ,44.52587876,12.72231909,30.69540696,1.446960161
2015,Benin,BEN,119.2855887,94.75821376,23.0393575,2.664360173
2016,Benin,BEN,115.8053419,92.05337923,22.23829353,2.687136017
2015,Bermuda,BMU,18.4873708,1.512030948,16.00233748,1.167755683
2016,Bermuda,BMU,17.8010947,1.518314821,15.32762119,1.1384246279999999
2015,Bhutan,BTN,77.36572209999999,28.25155321,41.20092854,11.54580024
2016,Bhutan,BTN,74.54665333,26.79193997,39.83484547,11.41427785
2015,Bolivia,BOL,56.75662296,22.54706513,32.38749619,2.4230903919999998
2016,Bolivia,BOL,54.62555759,21.13459791,31.67899345,2.3846471890000003
2015,Bosnia and Herzegovina,BIH,60.87582209,23.27216393,35.69666184,2.656481738
2016,Bosnia and Herzegovina,BIH,58.97572422,22.97837797,34.09491768,2.629111617
2015,Botswana,BWA,75.07226869,39.2615359,32.79318633,4.2221485869999995
2016,Botswana,BWA,72.00154318,37.10624386,31.92987818,4.12387626
2015,Brazil,BRA,31.51608976,6.360042226,23.44514888,2.076375658
2016,Brazil,BRA,30.34957816,5.976036709,22.62249598,2.104409356
2015,Brunei,BRN,23.74965984,0.20520310600000002,22.53490584,1.1131591570000001
2016,Brunei,BRN,20.47862533,0.17419595300000001,19.26864067,1.127518123
2015,Bulgaria,BGR,53.66706844,10.84373198,40.9774357,2.3850422190000002
2016,Bulgaria,BGR,51.77971021,10.75662699,39.20204909,2.3341373
2015,Burkina Faso,BFA,137.9611017,114.63481909999999,22.51875199,1.554324515
2016,Burkina Faso,BFA,136.0010494,114.468046,20.709327399999996,1.574337394
2015,Burundi,BDI,146.9064303,122.83780520000002,21.99568271,3.893434793
2016,Burundi,BDI,144.3562899,120.3743298,21.91085057,3.885557298
2015,Cambodia,KHM,111.8931845,88.36757904,22.17830104,2.218175159
2016,Cambodia,KHM,109.4873364,86.66277271,21.428438699999997,2.276690972
2015,Cameroon,CMR,122.50888570000001,64.73491888,55.99154132,3.02925566
2016,Cameroon,CMR,118.32719509999998,61.30081098,55.23179031,3.016882264
2015,Canada,CAN,12.2179265,0.027057792999999997,10.60909688,1.7638948140000001
2016,Canada,CAN,11.00267478,0.025128589,9.397502531,1.7408336930000001
2015,Cape Verde,CPV,53.05591785,26.16793507,26.23478336,0.9703565340000001
2016,Cape Verde,CPV,51.26560132,26.06424617,24.51726005,0.9968349040000001
2015,Caribbean,,47.94433865,19.44222791,27.38768796,1.451046829
2016,Caribbean,,47.00157508,19.07371673,26.80364953,1.454174356
2015,Central African Republic,CAF,205.8482842,157.8087046,44.88587585,5.975791227999999
2016,Central African Republic,CAF,202.457674,155.4359691,43.86459284,5.955939308
2015,Central Asia,,82.39223572,23.52577278,56.50787694,3.1032337489999997
2016,Central Asia,,79.42307461,23.0299695,54.03290691,3.071204093
2015,Central Europe,,42.34817192,8.025514074,32.59710205,2.216932222
2016,Central Europe,,40.05099996,7.767619246000001,30.59954473,2.144537101
2015,"Central Europe, Eastern Europe, and Central Asia",,52.84763617,6.527661582,44.83088689,1.884938571
2016,"Central Europe, Eastern Europe, and Central Asia",,50.30429715,6.347537012999999,42.49186224,1.840322985
2015,Central Latin America,,39.31786985,10.96950813,26.19122371,2.795390924
2016,Central Latin America,,38.41413713,10.76899747,25.47252778,2.793033421
2015,Central Sub-Saharan Africa,,137.32402549999998,103.27322240000001,30.7719067,5.857978547999999
2016,Central Sub-Saharan Africa,,134.01586880000002,99.61844448,31.08388625,5.880378435
2015,Chad,TCD,163.48694799999998,129.48734380000002,32.23765525,3.518054003
2016,Chad,TCD,161.3824526,128.8788683,30.70370527,3.567396025
2015,Chile,CHL,24.84461527,3.0152422939999997,20.96583497,1.113486296
2016,Chile,CHL,24.02172263,3.017124172,20.10518109,1.1484527820000001
2015,China,CHN,78.25140892,18.12006266,52.65894616,11.31656996
2016,China,CHN,74.70570935,17.76558436,49.44868338,11.14419971
2015,Colombia,COL,23.23830958,5.1794113610000005,17.09148002,1.211516646
2016,Colombia,COL,22.41522077,4.798744204,16.63831582,1.216928907
2015,Comoros,COM,97.48803149,81.01889749,15.93779013,0.8547761
2016,Comoros,COM,95.45839929,78.97032255,15.95731533,0.8477318420000001
2015,Congo,COG,118.00178340000001,66.27073589,49.24761135,3.881511195
2016,Congo,COG,114.1980523,62.05608329,49.71577044,3.773362015
2015,Costa Rica,CRI,20.61926541,3.74121485,16.08741077,0.9920296000000001
2016,Costa Rica,CRI,21.09057696,3.8044334889999996,16.41772296,1.079662194
2015,Cote d'Ivoire,CIV,127.6053772,103.65395229999999,23.198923999999998,1.256370242
2016,Cote d'Ivoire,CIV,123.0245476,99.91100085,22.35516732,1.256311888
2015,Croatia,HRV,37.53962034,5.325944323,29.94664164,2.879622275
2016,Croatia,HRV,34.23502573,4.964761333999999,27.12795644,2.696853789
2015,Cuba,CUB,33.88404053,1.934678212,30.76479603,1.4914265619999998
2016,Cuba,CUB,32.94971454,1.8292168480000002,29.96734445,1.444571074
2015,Cyprus,CYP,27.6086077,0.200410229,25.01751325,2.9993392310000004
2016,Cyprus,CYP,25.96171468,0.20490589999999997,23.36870549,2.954873381
2015,Czech Republic,CZE,32.41577614,1.027927602,29.57759673,2.247697139
2016,Czech Republic,CZE,30.79152674,1.021157852,27.98094233,2.201952086
2015,Democratic Republic of Congo,COD,148.4421017,117.2770255,27.72047632,6.400915352999999
2016,Democratic Republic of Congo,COD,145.1997116,113.3915586,28.29788198,6.4759685870000006
2015,Denmark,DNK,19.89119418,0.11022028199999999,17.38160086,2.819238274
2016,Denmark,DNK,19.31916138,0.10954123800000001,16.78729836,2.8284532430000002
2015,Djibouti,DJI,83.49410649,35.26479576,46.8154501,2.085631423
2016,Djibouti,DJI,82.47695240000002,33.95336029999999,47.03830555,2.184712244
2015,Dominica,DMA,38.88421399,7.372724433999999,31.51147543,1.82812e-05
2016,Dominica,DMA,38.2345697,7.083231775,31.15131929,2.4444200000000002e-05
2015,Dominican Republic,DOM,38.94723638,12.50771296,25.5416008,1.11366344
2016,Dominican Republic,DOM,37.68676363,12.02749538,24.73403077,1.135970877
2015,East Asia,,78.32763847,18.86209204,51.95192624,11.39453874
2016,East Asia,,74.83217257,18.51858431,48.78088423,11.22356516
2015,Eastern Europe,,51.76034686,1.752001359,48.81856376,1.465350655
2016,Eastern Europe,,49.2258893,1.634565258,46.42203597,1.4319860830000002
2015,Eastern Sub-Saharan Africa,,109.6378193,89.92156035,18.52785863,2.103344715
2016,Eastern Sub-Saharan Africa,,107.1505325,87.21901597,18.73241902,2.108758902
2015,Ecuador,ECU,28.04182865,3.518001247,23.95176445,0.70560332
2016,Ecuador,ECU,27.55363737,3.3566206380000003,23.62203875,0.7049726
2015,Egypt,EGY,115.0514963,1.0701722679999999,111.0628064,4.4806515860000005
2016,Egypt,EGY,114.10889109999998,0.86761179,110.2777459,4.551895382
2015,El Salvador,SLV,48.85354961,17.75887,29.97389634,1.5239705819999998
2016,El Salvador,SLV,47.00602627,17.08333939,28.79898106,1.513729128
2015,England,,18.27982195,0.211632605,16.63328775,1.69332716
2016,England,,17.99348693,0.2045924,16.33570163,1.7104104530000002
2015,Equatorial Guinea,GNQ,80.35685038,42.00401618,37.55180524,1.282663815
2016,Equatorial Guinea,GNQ,79.70653632,39.93560516,38.94641163,1.315420262
2015,Eritrea,ERI,141.0294819,101.657208,37.19493826,3.7803601689999997
2016,Eritrea,ERI,136.95354619999998,98.41313912,36.36123194,3.7619938389999996
2015,Estonia,EST,16.53077525,4.3063940380000005,11.63883325,0.666571205
2016,Estonia,EST,15.98226816,4.046433005,11.36116081,0.650877564
2015,Ethiopia,ETH,93.57869971,76.01804826,16.60148733,1.736261407
2016,Ethiopia,ETH,90.64138257,72.65922548,17.00678718,1.7490932380000002
2015,Fiji,FJI,108.36339050000001,63.73648974,44.52781647,0.125030434
2016,Fiji,FJI,103.64606409999999,60.83021611,42.71538538,0.126206076
2015,Finland,FIN,8.690690777,0.14122051300000002,7.8400723160000005,0.77519559
2016,Finland,FIN,8.401696211,0.133322521,7.544358233,0.787174977
2015,France,FRA,12.83499259,0.098971365,11.763785400000002,1.164517929
2016,France,FRA,11.96790678,0.095674805,10.91680944,1.135190771
2015,Gabon,GAB,74.19116883,13.38805523,59.94010644,1.212704921
2016,Gabon,GAB,72.87385788,12.13215104,59.86522349,1.2297235009999998
2015,Gambia,GMB,138.24444540000002,109.5800412,27.40310081,2.223279862
2016,Gambia,GMB,135.86485990000003,109.3508382,25.21402206,2.274023471
2015,Georgia,GEO,69.46115289,31.48924147,35.91634218,2.834441529
2016,Georgia,GEO,70.03537348,32.45627075,35.44636604,2.904764253
2015,Germany,DEU,20.47622377,0.29463225600000004,18.2273438,2.346056078
2016,Germany,DEU,20.10402258,0.294802299,17.82352987,2.363617044
2015,Ghana,GHA,111.13618840000001,74.81339497,35.46411489,1.349688616
2016,Ghana,GHA,109.08762409999999,70.93795089,37.28267345,1.357658535
2015,Greece,GRC,26.90073306,0.284381709,24.46883344,2.664547979
2016,Greece,GRC,25.785656600000003,0.294305658,23.34623146,2.638031626
2015,Greenland,GRL,34.14105106,0.653822017,30.29621569,3.7562483189999996
2016,Greenland,GRL,33.07838493,0.6130735589999999,29.35643537,3.6585071819999997
2015,Grenada,GRD,51.09059738,5.028059708,45.6063947,0.590718929
2016,Grenada,GRD,49.95005973,4.763876375,44.75349876,0.556128285
2015,Guam,GUM,45.34053854,7.538858003,37.66429061,0.166186739
2016,Guam,GUM,44.09865633,7.653258597000001,36.30275071,0.17145293
2015,Guatemala,GTM,66.88970302,43.32062855,22.89200656,0.9898479990000001
2016,Guatemala,GTM,66.82009808,43.32011911,22.80938647,1.000317356
2015,Guinea,GIN,167.47244780000003,146.84928380000002,19.08691666,2.842831377
2016,Guinea,GIN,163.76973080000002,144.13642180000002,18.06004345,2.882669419
2015,Guinea-Bissau,GNB,169.5564982,143.7944218,24.32328042,2.637025011
2016,Guinea-Bissau,GNB,165.7776692,141.40366219999999,22.90986795,2.663380945
2015,Guyana,GUY,67.03376629,16.96156147,49.71857207,0.46024484200000004
2016,Guyana,GUY,64.37554609,16.16857732,47.84974226,0.461321019
2015,Haiti,HTI,125.84507430000001,108.5124416,15.29744574,3.266143343
2016,Haiti,HTI,123.58597649999999,106.5389129,14.9900033,3.283936268
2015,High SDI,,19.05266395,0.386260316,16.600541699999997,2.459287195
2016,High SDI,,18.07876295,0.375968555,15.62456927,2.448351348
2015,High-income,,17.62175038,0.24675398,15.35338353,2.363946754
2016,High-income,,16.71051723,0.237784188,14.43582695,2.358088806
2015,High-income Asia Pacific,,13.816336900000001,0.026115802,12.69172332,1.33693273
2016,High-income Asia Pacific,,13.05460137,0.025530942999999997,11.92023013,1.3354040759999999
2015,High-middle SDI,,57.90432455,7.020371695,47.21284865,5.316979729
2016,High-middle SDI,,55.41358887,6.869205142999999,44.85852236,5.261239026
2015,Honduras,HND,53.99513408,36.74166004,16.03790452,1.780419732
2016,Honduras,HND,52.50476517,35.80503008,15.46503924,1.789380741
2015,Hungary,HUN,44.67685559,9.230940745,32.31360994,3.967522423
2016,Hungary,HUN,40.53679744,8.617003138,28.94797624,3.730293213
2015,Iceland,ISL,10.74241488,0.152811157,9.169528212000001,1.5751244290000002
2016,Iceland,ISL,9.917058291,0.13614122,8.321408218,1.603544941
2015,India,IND,136.3533402,56.86405701,69.48516009,17.21184181
2016,India,IND,134.6439384,54.36284385,70.13195309,17.30746985
2015,Indonesia,IDN,69.32689892,40.44046642,26.76759351,2.83499688
2016,Indonesia,IDN,67.61282231,38.48003028,26.96032519,2.8896666069999997
2015,Iran,IRN,47.20984166,0.354303565,44.66789037,2.985254442
2016,Iran,IRN,46.64054019,0.309519424,44.13879082,2.984259176
2015,Iraq,IRQ,46.306574100000006,0.25912596600000004,45.16626712,1.294474012
2016,Iraq,IRQ,43.94480221,0.226852489,42.8659944,1.247156116
2015,Ireland,IRL,15.68331661,0.256258441,14.19710476,1.4131633380000002
2016,Ireland,IRL,14.82763004,0.23964028,13.36611616,1.39592769
2015,Israel,ISR,22.84496128,0.17816800800000002,20.92321073,2.226262372
2016,Israel,ISR,21.32263986,0.174727648,19.44841209,2.148793116
2015,Italy,ITA,18.5458846,0.22272562,16.63657787,2.091945747
2016,Italy,ITA,17.03085117,0.20856357,15.20014539,1.9932132480000002
2015,Jamaica,JAM,41.81069447,9.420593081,31.05563871,1.6424164780000001
2016,Jamaica,JAM,42.42710729,9.620117404,31.38381121,1.739867115
2015,Japan,JPN,11.94683959,0.027849988,10.8679657,1.255643958
2016,Japan,JPN,11.34093187,0.027411797,10.25140981,1.25643224
2015,Jordan,JOR,40.38387787,0.02243646,38.69590862,2.239751843
2016,Jordan,JOR,39.66897989,0.020815216,37.97537363,2.240248915
2015,Kazakhstan,KAZ,55.32692369,15.20587348,36.99953888,3.8173889969999997
2016,Kazakhstan,KAZ,52.6392664,14.36496622,35.1593451,3.7646562439999998
2015,Kenya,KEN,93.82471684,70.28555283,22.38257189,1.870782406
2016,Kenya,KEN,92.04585122,68.24043479,22.64129832,1.8749827540000001
2015,Kiribati,KIR,159.69672480000003,142.4235847,15.87246806,2.206265033
2016,Kiribati,KIR,156.12519550000002,139.8728845,14.81458597,2.24089871
2015,Kuwait,KWT,35.89668304,0.062252835,35.20830192,0.9229125229999999
2016,Kuwait,KWT,34.87315969,0.055610145,34.19825417,0.9024512379999999
2015,Kyrgyzstan,KGZ,76.46804997,33.57050198,39.13133751,5.0975250910000005
2016,Kyrgyzstan,KGZ,71.61924985,31.42919327,36.48896667,4.9670300769999995
2015,Laos,LAO,127.48326780000001,97.1503616,27.58098713,4.457311955
2016,Laos,LAO,123.1877331,93.03090002,27.40524145,4.423630271
2015,Latin America and Caribbean,,36.61708393,10.14896612,24.75017046,2.172725306
2016,Latin America and Caribbean,,35.57567405,9.79874112,24.03584749,2.182515645
2015,Latvia,LVA,35.63911796,4.490579508,30.66069937,0.5943561820000001
2016,Latvia,LVA,34.8334382,4.368790349,29.97571298,0.592983037
2015,Lebanon,LBN,50.708917299999996,0.012840033,48.3815041,3.07799486
2016,Lebanon,LBN,49.96460711,0.012015995,47.63390433,3.072005015
2015,Lesotho,LSO,167.59947240000002,112.67068130000001,50.30479333,7.152840447999999
2016,Lesotho,LSO,159.12638159999997,107.9357476,46.63563625,6.961803337999999
2015,Liberia,LBR,117.01244799999999,106.5618156,9.865355332,1.0731888459999999
2016,Liberia,LBR,115.2272491,104.93755949999999,9.692127342000001,1.092406528
2015,Libya,LBY,70.57029039,0.061604748,68.1590762,3.29245374
2016,Libya,LBY,71.88861516,0.055273079,69.43578418,3.373674139
2015,Lithuania,LTU,34.73800876,1.020798249,32.89037022,0.990013877
2016,Lithuania,LTU,33.54851763,1.004971483,31.72327207,0.9759572329999999
2015,Low SDI,,152.126386,88.75212904,54.95439679,15.66218761
2016,Low SDI,,150.0111785,86.05973414,55.44908091,15.723099900000001
2015,Low-middle SDI,,111.1327713,54.4578709,50.16247456,10.46205693
2016,Low-middle SDI,,108.9506919,52.77917147,49.58258913,10.4695727
2015,Luxembourg,LUX,17.05851496,0.13969451300000002,14.87444371,2.412074923
2016,Luxembourg,LUX,16.09334547,0.13281075,13.94816115,2.357279204
2015,Macedonia,MKD,51.43558682,13.0899069,37.014097799999995,1.8349658180000001
2016,Macedonia,MKD,50.37147075,12.83352981,36.18091008,1.850716429
2015,Madagascar,MDG,160.5874434,142.987866,16.5186318,1.9912638619999998
2016,Madagascar,MDG,157.44189699999998,139.7519943,16.60279633,1.988427851
2015,Malawi,MWI,108.99976869999999,94.33216965,13.11806368,2.7799005460000004
2016,Malawi,MWI,106.8731578,92.75919736,12.56545567,2.756548405
2015,Malaysia,MYS,52.55961698,2.57074083,48.67199419,1.632139486
2016,Malaysia,MYS,49.77763583,2.45518357,45.96913654,1.6572990719999998
2015,Maldives,MDV,24.59883292,7.445057113,14.95054182,2.614008652
2016,Maldives,MDV,22.12595792,6.6730384339999995,13.19950883,2.61853045
2015,Mali,MLI,107.9820457,92.10079729,14.4968353,2.701288483
2016,Mali,MLI,108.8349398,93.76358019,13.64421999,2.769741865
2015,Malta,MLT,23.49562396,0.296105716,21.80521828,1.698833829
2016,Malta,MLT,23.36082766,0.292999368,21.61506736,1.75739033
2015,Marshall Islands,MHL,100.30413359999999,60.86857605,39.32470359,0.137321152
2016,Marshall Islands,MHL,94.94876206,57.57592636,37.22853992,0.177273309
2015,Mauritania,MRT,87.4527028,52.05749593,34.49714788,1.421646222
2016,Mauritania,MRT,85.2159896,50.5374279,33.74617144,1.460350839
2015,Mauritius,MUS,49.70206152,3.991973261,45.0730707,0.774024583
2016,Mauritius,MUS,49.17048587,3.739863288,44.77800223,0.792290355
2015,Mexico,MEX,45.13473146,11.32864316,30.37690362,4.45879875
2016,Mexico,MEX,44.73708441,11.27709991,29.98769873,4.478883832
2015,Micronesia (country),FSM,92.92237476,60.53528773,32.19129672,0.249784664
2016,Micronesia (country),FSM,91.23415904,59.56419777,31.46647456,0.257882572
2015,Middle SDI,,71.86240513,21.41740403,45.34452144,7.602954093999999
2016,Middle SDI,,69.55199567,20.74482907,43.64430267,7.576669537000001
2015,Moldova,MDA,55.83901239,11.58209197,42.92215639,1.678434459
2016,Moldova,MDA,51.70355218,10.28231829,40.15769248,1.579369737
2015,Mongolia,MNG,84.75748553,35.87465205,47.62703049,1.856707411
2016,Mongolia,MNG,81.37902802,35.61779671,44.49291512,1.847725396
2015,Montenegro,MNE,49.03554657,17.50618087,30.78257695,1.0005162429999999
2016,Montenegro,MNE,47.88858276,17.59068183,29.53876836,1.008156285
2015,Morocco,MAR,68.38215,3.148513003,63.47306877,2.34460172
2016,Morocco,MAR,68.43200524,2.638902796,64.02900019,2.3603619240000002
2015,Mozambique,MOZ,133.10797209999998,118.1080385,13.78550988,2.197112009
2016,Mozambique,MOZ,129.6866912,114.9028125,13.582773999999999,2.15949633
2015,Myanmar,MMR,123.97154280000001,76.08909747,40.60876928,11.66265453
2016,Myanmar,MMR,120.86908100000001,74.80977116,38.77508194,11.57942004
2015,Namibia,NAM,79.43159902,44.86027734,30.99481535,5.167312808999999
2016,Namibia,NAM,77.09663553,43.20875487,30.31358594,5.114441497
2015,Nepal,NPL,136.43224890000002,63.85351385,62.19406425,18.43177144
2016,Nepal,NPL,134.8789413,60.62375954,63.7824912,18.492013399999998
2015,Netherlands,NLD,19.29096157,0.089636199,17.2514218,2.34246066
2016,Netherlands,NLD,18.58653961,0.088302325,16.51717928,2.360960407
2015,New Zealand,NZL,9.37639532,0.145628848,9.040562839,0.20892064899999999
2016,New Zealand,NZL,8.646934412,0.13495754,8.273321161,0.25984615699999997
2015,Nicaragua,NIC,36.9851721,24.72982891,11.49047319,1.073941781
2016,Nicaragua,NIC,34.77956505,23.10916241,10.9209596,1.0417410870000001
2015,Niger,NER,140.9464897,113.1810662,26.25708946,3.22023778
2016,Niger,NER,140.3692484,112.33260449999999,26.50249277,3.253486089
2015,Nigeria,NGA,83.63084399,46.35124932,36.12242533,1.938817779
2016,Nigeria,NGA,82.90048546,46.17296270000001,35.53636699,1.9799994980000002
2015,North Africa and Middle East,,68.70389837,8.709037496,57.59831599,3.422007259
2016,North Africa and Middle East,,67.2473167,8.349402722,56.52199964,3.3857814960000003
2015,North America,,19.112719199999997,0.085664907,15.62484032,3.85785013
2016,North America,,17.95643094,0.083636047,14.43010343,3.8604279580000003
2015,North Korea,PRK,146.97625019999998,89.21301215,40.45555054,28.32411867
2016,North Korea,PRK,142.634362,89.81874470000001,35.51927414,27.95222113
2015,Northern Ireland,,17.92172547,0.314040978,16.17313005,1.656366803
2016,Northern Ireland,,17.01136309,0.303194372,15.28345157,1.6328483759999999
2015,Northern Mariana Islands,MNP,39.30210764,11.72975322,23.92477102,4.380546787
2016,Northern Mariana Islands,MNP,38.120121999999995,11.42482352,23.05091501,4.352340958
2015,Norway,NOR,11.47498482,0.202602953,9.710341288,1.746984254
2016,Norway,NOR,10.85509488,0.19010807600000001,9.124696495,1.7126484359999998
2015,Oceania,,203.3002376,173.5035039,29.46864181,0.497234591
2016,Oceania,,198.8406135,170.0426831,28.39990972,0.603468031
2015,Oman,OMN,57.94529968,0.714560437,56.37767951,1.177081661
2016,Oman,OMN,54.40342404,0.591435904,53.02618267,1.081609749
2015,Pakistan,PAK,127.82478950000001,61.48449998,59.92902518,10.31912836
2016,Pakistan,PAK,125.483302,58.86971372,60.12764838,10.3447382
2015,Palestine,PSE,55.24488397,0.7660689690000001,52.79741152,2.255579415
2016,Palestine,PSE,53.12603928,0.670997659,50.81559318,2.190518619
2015,Panama,PAN,22.877899199999998,6.876841478999999,15.43532553,0.6911944609999999
2016,Panama,PAN,21.73871451,6.520393949,14.62708173,0.714593977
2015,Papua New Guinea,PNG,254.73108349999998,227.0822084,27.27417062,0.601455659
2016,Papua New Guinea,PNG,249.2745489,222.43021159999998,26.35877965,0.772117
2015,Paraguay,PRY,45.03825019,28.98578056,15.05443271,1.313442824
2016,Paraguay,PRY,42.81282279,27.73894629,14.06605292,1.307886388
2015,Peru,PER,32.1080038,13.12712642,18.59768512,0.521950337
2016,Peru,PER,31.01299296,12.33131155,18.30604465,0.509446109
2015,Philippines,PHL,114.2889761,75.61110021,37.57018163,1.5671913880000001
2016,Philippines,PHL,109.8373196,72.880674,35.81542581,1.599373971
2015,Poland,POL,37.17823433,3.6142417719999997,32.08666134,1.9038016169999998
2016,Poland,POL,35.09465572,3.506726337,30.14907153,1.837329805
2015,Portugal,PRT,16.12880385,0.689083772,13.450859900000001,2.2833291780000002
2016,Portugal,PRT,15.18082789,0.648668634,12.50344425,2.300896519
2015,Puerto Rico,PRI,16.70578191,0.12369496,15.61205759,1.111681554
2016,Puerto Rico,PRI,16.51557888,0.126965362,15.36561995,1.162367093
2015,Qatar,QAT,64.72292148,0.004741255,63.20900339,2.358761101
2016,Qatar,QAT,62.04042745,0.004404075,60.54487719,2.305776727
2015,Romania,ROU,42.25767187,10.27434432,30.65392844,1.662336073
2016,Romania,ROU,40.79870078,10.01668288,29.44989865,1.6542309780000002
2015,Russia,RUS,46.08005072,0.193330552,44.63857627,1.5211358209999999
2016,Russia,RUS,43.76386603,0.179588478,42.35551971,1.489046499
2015,Rwanda,RWA,100.5594939,77.92314727,21.05214908,2.8386393919999997
2016,Rwanda,RWA,98.49676311,75.78733473,21.14293115,2.7939985089999997
2015,Saint Lucia,LCA,39.72653762,5.773103909,33.95343371,0.0
2016,Saint Lucia,LCA,38.87219808,5.581223102,33.29097498,0.0
2015,Saint Vincent and the Grenadines,VCT,50.36007842,11.60997424,38.70968453,0.052829869
2016,Saint Vincent and the Grenadines,VCT,48.96374408,11.07322141,37.84788337,0.055426208
2015,Samoa,WSM,80.41272166,63.670962100000004,16.740490400000002,0.001773004
2016,Samoa,WSM,78.03129126,62.1959905,15.83405972,0.0017223020000000002
2015,Sao Tome and Principe,STP,112.71338020000002,78.89031518,31.55018123,3.50197914
2016,Sao Tome and Principe,STP,111.8873245,76.72123079,32.75227488,3.6946622110000003
2015,Saudi Arabia,SAU,69.34716062,0.233899178,67.27417989,2.84331389
2016,Saudi Arabia,SAU,65.16091329999999,0.201587918,63.12547377,2.7763069369999998
2015,Scotland,,17.47829991,0.717759919,15.04748405,1.932571109
2016,Scotland,,16.65189759,0.6812285109999999,14.21278698,1.9664398840000001
2015,Senegal,SEN,108.65705,82.55424998,25.06084047,1.8204185869999998
2016,Senegal,SEN,107.0737027,83.43234416,22.56392156,1.8674436
2015,Serbia,SRB,68.17432544,24.65374204,41.42772016,2.876787277
2016,Serbia,SRB,63.98877438,23.75708211,38.18777875,2.781758744
2015,Seychelles,SYC,43.19669307,4.423784242,38.32154401,0.570995526
2016,Seychelles,SYC,43.12389498,3.96850345,38.71247671,0.561648531
2015,Sierra Leone,SLE,156.9118729,138.35466100000002,17.29943443,2.263931295
2016,Sierra Leone,SLE,152.90371499999998,135.2200111,16.39909642,2.301940844
2015,Singapore,SGP,21.70642761,0.041458397,21.06079462,0.7639883759999999
2016,Singapore,SGP,19.93263582,0.038372382999999996,19.28639988,0.7602988279999999
2015,Slovakia,SVK,38.51551686,1.7925318590000001,35.39315245,1.671183131
2016,Slovakia,SVK,35.807067700000005,1.7464969380000002,32.77760614,1.5976835059999999
2015,Slovenia,SVN,20.81567125,1.7056260090000002,17.73689151,1.712707645
2016,Slovenia,SVN,19.73811084,1.633650452,16.74723534,1.678591837
2015,Solomon Islands,SLB,192.3212578,173.1170492,19.14370387,0.097288098
2016,Solomon Islands,SLB,189.48150090000001,171.2595021,18.14563193,0.12216651
2015,Somalia,SOM,171.5331154,153.6960696,17.04660124,1.566524002
2016,Somalia,SOM,168.2403639,150.1141755,17.31669577,1.591861636
2015,South Africa,ZAF,65.65698201,14.79739455,48.54142419,3.093138378
2016,South Africa,ZAF,63.01018396,13.32702422,47.34459605,3.0979383289999998
2015,South Asia,,133.26788829999998,58.06244266,65.97549385,15.83661524
2016,South Asia,,131.2674077,55.66494431,66.25083378,15.89891295
2015,South Korea,KOR,23.47566902,0.016493103000000002,21.93546854,2.0024961869999998
2016,South Korea,KOR,21.88470835,0.015850735,20.32948503,1.994571766
2015,South Sudan,SSD,160.89468490000002,133.4676011,25.63470968,3.480300834
2016,South Sudan,SSD,159.05513269999997,132.6969811,24.54764638,3.487405505
2015,Southeast Asia,,70.94207137,38.25719321,30.74806775,2.784119431
2016,Southeast Asia,,68.5221598,36.76593727,29.79277701,2.79543262
2015,"Southeast Asia, East Asia, and Oceania",,77.77720553,23.84754697,47.57583594,9.603736057
2016,"Southeast Asia, East Asia, and Oceania",,74.51444725,23.20937795,44.92384860000001,9.480824774
2015,Southern Latin America,,29.93540619,2.604863033,26.12170498,1.4768386409999998
2016,Southern Latin America,,28.83165525,2.495345097,25.07220222,1.5307339480000002
2015,Southern Sub-Saharan Africa,,77.87242031,29.98239854,45.40722788,3.4117726260000003
2016,Southern Sub-Saharan Africa,,74.84209993,28.03792653,44.31381936,3.395232098
2015,Spain,ESP,15.97984597,0.48972201,12.94165447,2.987383868
2016,Spain,ESP,14.77649647,0.4649402,11.83727324,2.8766335689999996
2015,Sri Lanka,LKA,52.56859712,26.42805171,25.74590762,0.554400993
2016,Sri Lanka,LKA,43.27222555,26.90391935,15.92908642,0.57637357
2015,Sub-Saharan Africa,,107.5949632,76.47238547,29.53553909,2.655769874
2016,Sub-Saharan Africa,,105.32924950000002,74.49524721,29.22642672,2.6723832240000003
2015,Sudan,SDN,100.5511488,57.00683018,42.092788299999995,2.354490054
2016,Sudan,SDN,97.36845987,55.30052004,40.58802662,2.3742404219999997
2015,Suriname,SUR,50.61099977,12.32783823,37.86042618,0.559737676
2016,Suriname,SUR,50.09759589,11.99336014,37.66496751,0.578676238
2015,Swaziland,SWZ,118.5414647,72.64333885,41.86738749,5.527406823
2016,Swaziland,SWZ,111.55053170000001,67.77632693,39.855044799999995,5.325946863
2015,Sweden,SWE,9.850026623,0.200319592,8.477784604,1.286248608
2016,Sweden,SWE,9.280194026,0.18138297,7.913134284,1.29426122
2015,Switzerland,CHE,12.91571029,0.20730641100000002,11.14980039,1.8406167469999999
2016,Switzerland,CHE,11.98038264,0.20006790300000002,10.27357704,1.7651448369999998
2015,Syria,SYR,65.14243342,0.119973232,62.968819499999995,2.847088615
2016,Syria,SYR,64.84131305,0.10277748099999999,62.66722107,2.866401355
2015,Taiwan,TWN,33.33393616,1.728584921,28.73069847,3.74414121
2016,Taiwan,TWN,32.79977621,1.6998042690000001,28.17916452,3.765018047
2015,Tajikistan,TJK,95.99474022,40.33762634,53.66164512,2.984808396
2016,Tajikistan,TJK,94.42678375,41.27034281,51.18729445,2.910269398
2015,Tanzania,TZA,99.14784636,82.21167855,16.10476342,1.4497454630000002
2016,Tanzania,TZA,97.66813763,80.28697317,16.52375383,1.4836916519999999
2015,Thailand,THA,33.32841119,7.82472787,24.86486705,0.855874338
2016,Thailand,THA,33.06040556,7.307369917000001,25.10817068,0.857751004
2015,Timor,TLS,98.66891365,78.87969427,18.76747911,1.614295161
2016,Timor,TLS,98.08025266,78.45134361,18.52237446,1.74044682
2015,Togo,TGO,121.1530676,94.87615827,24.97662003,2.2870372430000003
2016,Togo,TGO,118.15604540000001,92.30634939,24.5277518,2.309815186
2015,Tonga,TON,74.71951607,49.69489867,25.02375753,0.001110522
2016,Tonga,TON,72.44547196,47.8147203,24.62976306,0.00125281
2015,Trinidad and Tobago,TTO,50.63031185,0.881751191,49.39152053,0.45887967799999996
2016,Trinidad and Tobago,TTO,51.57747792,0.895098272,50.30691197,0.480884782
2015,Tropical Latin America,,31.81900682,6.8732220260000005,23.25077785,2.059371465
2016,Tropical Latin America,,30.62738308,6.467518797,22.42530029,2.086744939
2015,Tunisia,TUN,51.90425752,0.264840401,49.55824186,2.816595697
2016,Tunisia,TUN,52.41809757,0.217244945,50.1323326,2.8172501260000002
2015,Turkey,TUR,49.71332455,0.54994702,45.75067482,4.774716201
2016,Turkey,TUR,47.88127322,0.461408389,44.10186754,4.627937271
2015,Turkmenistan,TKM,69.73456131,0.49839169299999997,68.06780718,1.4787051830000002
2016,Turkmenistan,TKM,67.35602462,0.47499563100000003,65.69985814,1.4836337769999999
2015,Uganda,UGA,97.84641549,73.90369059999999,22.61606543,2.401678762
2016,Uganda,UGA,95.53886794,70.77299670000001,23.43131339,2.412387669
2015,Ukraine,UKR,71.01454379,5.562318677,64.25415941,1.5195453030000001
2016,Ukraine,UKR,67.76833735,5.235080003,61.36455715,1.475139015
2015,United Arab Emirates,ARE,79.41727038,0.32865383800000003,75.21592008,5.34861995
2016,United Arab Emirates,ARE,78.10633234,0.307852437,73.93151785,5.320663702
2015,United Kingdom,GBR,18.24392724,0.268776901,16.50907917,1.720378499
2016,United Kingdom,GBR,17.89133734,0.259137335,16.14594918,1.738131251
2015,United States,USA,19.95171479,0.092758726,16.232599599999997,4.115664936
2016,United States,USA,18.80566618,0.09075568199999999,15.04178809,4.12264915
2015,United States Virgin Islands,VIR,31.03257096,1.2891253120000001,29.50363568,0.282169417
2016,United States Virgin Islands,VIR,29.45861699,1.249902882,27.961916700000003,0.28795735100000003
2015,Uruguay,URY,20.83183756,1.393412259,18.18633683,1.452046164
2016,Uruguay,URY,20.22684298,1.3257937929999999,17.61275859,1.4881647180000002
2015,Uzbekistan,UZB,111.07197690000001,26.22017683,83.21856534,2.1902564630000003
2016,Uzbekistan,UZB,105.8142264,25.43410745,78.72498991,2.191593067
2015,Vanuatu,VUT,142.7623491,123.39675940000001,19.03876134,0.492735207
2016,Vanuatu,VUT,141.00514569999999,122.0248169,18.64310071,0.504589838
2015,Venezuela,VEN,37.42538625,0.545126357,35.63568401,1.5400515730000002
2016,Venezuela,VEN,34.43032899,0.502325935,32.73274013,1.464169377
2015,Vietnam,VNM,63.13581276,27.90767324,33.39513215,2.6138886169999997
2016,Vietnam,VNM,61.47304851,27.06441307,32.54695136,2.625100525
2015,Wales,,18.85680801,0.430961958,16.86580518,1.8169711419999999
2016,Wales,,18.50508725,0.42188711700000003,16.498393300000004,1.839628414
2015,Western Europe,,17.56046948,0.258214995,15.58099153,2.058737801
2016,Western Europe,,16.72328264,0.249305616,14.76330347,2.029636525
2015,Western Sub-Saharan Africa,,107.1461804,73.50103377,32.44859013,2.0896715809999997
2016,Western Sub-Saharan Africa,,105.5573771,72.46462558,31.86808323,2.122338323
2015,World,OWID_WRL,67.08150265,23.45182105,39.493978600000005,6.214319184
2016,World,OWID_WRL,65.15078460000001,22.76301741,38.20370082,6.217144234
2015,Yemen,YEM,99.42398859,39.71399153,57.7214744,2.991879225
2016,Yemen,YEM,97.02468238,38.22485605,56.74379356,3.04967102
2015,Zambia,ZMB,102.5166264,78.07381755,21.95559615,4.056559148
2016,Zambia,ZMB,100.566474,76.53772548,21.53492086,4.043370452
2015,Zimbabwe,ZWE,132.75255320000002,104.34050570000001,25.71541516,4.200906679
2016,Zimbabwe,ZWE,128.69213770000002,100.392287,25.64356953,4.117173407
